{
    "images": {
        "images (1) (10)~2.jpeg": 1776943511.7782154,
        "images (1) (4).jpeg": 1776959933.4839363,
        "images (1) (18)~3.jpeg": 1776988355.0748396,
        "images (1) (18).jpeg": 1776997032.506544,
        "images (1) (31)~2.jpeg": 1776997147.5698264,
        "images (1) (1).jpeg": 1776997400.4993796,
        "images (46).jpeg": 1777043582.483952,
        "images (1) (14)~3.jpeg": 1777074210.8059454,
        "images (22).jpeg": 1777128601.6823285,
        "images (1) (21).jpeg": 1777160549.7165353,
        "images (56).jpeg": 1777215132.1040022,
        "images (1) (22)~2.jpeg": 1777247013.1199818,
        "images (26).jpeg": 1777305135.7343452,
        "images (1) (10)~3.jpeg": 1777334230.8531237,
        "images (1) (25)~2.jpeg": 1777392626.0816772,
        "images (30).jpeg": 1777420698.5263364,
        "images (1) (13)~3.jpeg": 1777444391.2371054,
        "images (18).jpeg": 1777446082.0273058,
        "images (34).jpeg": 1777455083.2402549
    },
    "ringtones": {
        "VN20260423_135540_20260423_140256.mp3": 1776943512.4508986,
        "VN20260423_135409_20260423_140257.mp3": 1776959934.3133495,
        "VN20260423_135239_20260423_140304.mp3": 1776988355.8787007,
        "VN20260423_135339_20260423_140259.mp3": 1776997033.353287,
        "VN20260423_135847_20260423_140253.mp3": 1776997148.348903,
        "VN20260423_135713_20260423_140254.mp3": 1776997401.6856527,
        "VN20260423_135254_20260423_140302.mp3": 1777043583.514551,
        "VN20260423_135322_20260423_140300.mp3": 1777074212.2468843,
        "VN20260423_135308_20260423_140301.mp3": 1777128602.9456851,
        "VN20260423_135352_20260423_140258.mp3": 1777160550.4416995,
        "VN20260428_071820_20260428_074432.mp3": 1777392626.9951742,
        "VN20260428_071621_20260428_074431.mp3": 1777420699.7067726,
        "VN20260428_083335_20260428_091358.mp3": 1777444392.0940928,
        "VN20260428_085140_20260428_091418.mp3": 1777446082.783,
        "VN20260428_084745_20260428_091416.mp3": 1777455084.0884523
    }
}