{
    "images": {
        "nature_bg1.jpg": 1716420000.123456,
        "dark_forest.png": 1715000000.987654,
        "images (20).jpeg": 1779500132.2248235,
        "images (52).jpeg": 1779548706.5715923,
        "images (1) (9).jpeg": 1779580825.5814884,
        "images (1) (8).jpeg": 1779635359.549521,
        "images (53).jpeg": 1779667429.4770675,
        "images (47).jpeg": 1779726308.6065495,
        "images (1) (19).jpeg": 1779754158.417775,
        "images (1) (22)~3.jpeg": 1779816516.2509212,
        "images (1) (1).jpeg": 1779840657.5252156,
        "images (1) (20)~3.jpeg": 1779902604.4731677,
        "images (1) (7)~2.jpeg": 1779926575.6210077,
        "images (1) (16)~2.jpeg": 1779989771.4176774,
        "images (1) (22).jpeg": 1780013633.3314145,
        "images (1) (1)~3.jpeg": 1780076185.9442053,
        "images (1) (11)~3.jpeg": 1780099920.760957,
        "images (1) (2)~3.jpeg": 1780153987.2305336,
        "images (1) (17)~3.jpeg": 1780185830.5075653,
        "images (1) (9)~3.jpeg": 1780240785.7615747,
        "images (27).jpeg": 1780272619.644798,
        "images (1) (18).jpeg": 1780341745.3329144
    },
    "ringtones": {
        "lofi_chill.mp3": 1716420000.123456,
        "VN20260428_071209_20260428_074427.mp3": 1779500133.6607783,
        "VN20260428_084745_20260428_091416.mp3": 1779548707.4158888,
        "VN20260428_090812_20260428_091438.mp3": 1779580826.5096834,
        "VN20260428_072652_20260428_074456.mp3": 1779635360.4123075,
        "VN20260428_075502_20260428_091352.mp3": 1779667430.396013,
        "VN20260427_134001_20260428_074426.mp3": 1779726309.9050038,
        "VN20260428_083657_20260428_091400.mp3": 1779754159.2997515,
        "VN20260427_132926_20260428_074421.mp3": 1779816516.9578352,
        "VN20260428_083335_20260428_091358.mp3": 1779840658.7655263,
        "VN20260428_090632_20260428_091437.mp3": 1779902605.7997026,
        "VN20260423_135239_20260423_140304.mp3": 1779926576.396992,
        "VN20260428_090410_20260428_091433.mp3": 1779989772.4467947,
        "VN20260427_133102_20260428_074422.mp3": 1780013634.7791824,
        "VN20260427_133244_20260428_074424.mp3": 1780076187.0855405,
        "VN20260428_072324_20260428_074453.mp3": 1780099922.1090918,
        "VN20260423_135409_20260423_140257.mp3": 1780153988.846914,
        "VN20260428_072007_20260428_074450.mp3": 1780185831.2752447,
        "VN20260428_075249_20260428_091350.mp3": 1780240786.5061128,
        "VN20260423_135322_20260423_140300.mp3": 1780272620.6721861,
        "VN20260423_135713_20260423_140254.mp3": 1780341747.191206
    }
}