{
    "images": {
        "nature_bg1.jpg": 1716420000.123456,
        "dark_forest.png": 1715000000.987654,
        "images (20).jpeg": 1779500132.2248235,
        "images (52).jpeg": 1779548706.5715923,
        "images (1) (9).jpeg": 1779580825.5814884,
        "images (1) (8).jpeg": 1779635359.549521,
        "images (53).jpeg": 1779667429.4770675,
        "images (47).jpeg": 1779726308.6065495,
        "images (1) (19).jpeg": 1779754158.417775,
        "images (1) (22)~3.jpeg": 1779816516.2509212,
        "images (1) (1).jpeg": 1779840657.5252156,
        "images (1) (20)~3.jpeg": 1779902604.4731677,
        "images (1) (7)~2.jpeg": 1779926575.6210077,
        "images (1) (16)~2.jpeg": 1779989771.4176774,
        "images (1) (22).jpeg": 1780013633.3314145,
        "images (1) (1)~3.jpeg": 1780076185.9442053,
        "images (1) (11)~3.jpeg": 1780099920.760957,
        "images (1) (2)~3.jpeg": 1780153987.2305336,
        "images (1) (17)~3.jpeg": 1780185830.5075653,
        "images (1) (9)~3.jpeg": 1780240785.7615747,
        "images (27).jpeg": 1780272619.644798,
        "images (1) (18).jpeg": 1780341745.3329144,
        "images (1) (13)~2.jpeg": 1780359405.614605,
        "images (1) (26).jpeg": 1780423649.6190405,
        "images (1) (12)~3.jpeg": 1780450903.8646984,
        "images (41).jpeg": 1780511059.8216796,
        "images (21).jpeg": 1780537468.2184722,
        "images (1) (30)~2.jpeg": 1780592184.2884388,
        "images (45).jpeg": 1780618409.9888358,
        "images (1) (18)~3.jpeg": 1780677112.8243208,
        "images (1) (12)~2.jpeg": 1780704637.608146,
        "images (1) (28)~2.jpeg": 1780759175.2348812,
        "images (1) (15)~3.jpeg": 1780790864.0524302,
        "images (1) (17)~2.jpeg": 1780845951.1468039,
        "images (1) (9)~2.jpeg": 1780877556.3281584,
        "images (1) (5)~3.jpeg": 1780939513.8927493,
        "images (1) (15).jpeg": 1780963772.6930456,
        "images (1) (19)~3.jpeg": 1781022796.6129866,
        "images (51).jpeg": 1781050704.9705586,
        "images (1) (4)~2.jpeg": 1781112260.045936,
        "images (32).jpeg": 1781137159.6549509,
        "images (29).jpeg": 1781199486.6389954,
        "images (1) (25).jpeg": 1781223669.3677866,
        "images (1) (11)~2.jpeg": 1781282807.295464,
        "images (1) (10).jpeg": 1781310102.6232972,
        "images (55).jpeg": 1781365422.1464283,
        "images (1) (3)~3.jpeg": 1781395872.9127076,
        "images (1) (25)~2.jpeg": 1781452229.9525757
    },
    "ringtones": {
        "lofi_chill.mp3": 1716420000.123456,
        "VN20260428_071209_20260428_074427.mp3": 1779500133.6607783,
        "VN20260428_084745_20260428_091416.mp3": 1779548707.4158888,
        "VN20260428_090812_20260428_091438.mp3": 1779580826.5096834,
        "VN20260428_072652_20260428_074456.mp3": 1779635360.4123075,
        "VN20260428_075502_20260428_091352.mp3": 1779667430.396013,
        "VN20260427_134001_20260428_074426.mp3": 1779726309.9050038,
        "VN20260428_083657_20260428_091400.mp3": 1779754159.2997515,
        "VN20260427_132926_20260428_074421.mp3": 1779816516.9578352,
        "VN20260428_083335_20260428_091358.mp3": 1779840658.7655263,
        "VN20260428_090632_20260428_091437.mp3": 1779902605.7997026,
        "VN20260423_135239_20260423_140304.mp3": 1779926576.396992,
        "VN20260428_090410_20260428_091433.mp3": 1779989772.4467947,
        "VN20260427_133102_20260428_074422.mp3": 1780013634.7791824,
        "VN20260427_133244_20260428_074424.mp3": 1780076187.0855405,
        "VN20260428_072324_20260428_074453.mp3": 1780099922.1090918,
        "VN20260423_135409_20260423_140257.mp3": 1780153988.846914,
        "VN20260428_072007_20260428_074450.mp3": 1780185831.2752447,
        "VN20260428_075249_20260428_091350.mp3": 1780240786.5061128,
        "VN20260423_135322_20260423_140300.mp3": 1780272620.6721861,
        "VN20260423_135713_20260423_140254.mp3": 1780341747.191206,
        "VN20260428_075656_20260428_091355.mp3": 1780359406.6502752,
        "VN20260428_071507_20260428_074430.mp3": 1780423650.5395215,
        "VN20260428_073149_20260428_074459.mp3": 1780450904.643518,
        "VN20260428_072858_20260428_074458.mp3": 1780511060.839053,
        "VN20260428_074133_20260428_074502.mp3": 1780537468.8977387,
        "VN20260428_075343_20260428_091351.mp3": 1780592185.3578873,
        "VN20260428_085848_20260428_091422.mp3": 1780618411.1255848,
        "VN20260423_135847_20260423_140253.mp3": 1780677113.6610675,
        "VN20260428_090107_20260428_091425.mp3": 1780704639.1859734,
        "VN20260428_083436_20260428_091357.mp3": 1780759176.3036768,
        "VN20260428_090203_20260428_091434.mp3": 1780790865.087449,
        "VN20260428_075549_20260428_091354.mp3": 1780845951.8688307,
        "VN20260428_083228_20260428_091356.mp3": 1780877557.6223412,
        "VN20260423_135254_20260423_140302.mp3": 1780939514.7593222,
        "VN20260428_072545_20260428_074455.mp3": 1780963774.1877775,
        "VN20260428_090006_20260428_091424.mp3": 1781022797.532929,
        "VN20260428_090902_20260428_091440.mp3": 1781050706.0605164,
        "VN20260428_085140_20260428_091418.mp3": 1781112262.0510437,
        "VN20260428_090532_20260428_091436.mp3": 1781137160.590813,
        "VN20260423_135308_20260423_140301.mp3": 1781199487.6638346,
        "VN20260428_090949_20260428_091441.mp3": 1781223670.5639944,
        "VN20260428_072156_20260428_074451.mp3": 1781282808.298482,
        "VN20260428_073335_20260428_074500.mp3": 1781310104.2243793,
        "VN20260428_075001_20260428_091349.mp3": 1781365423.2000146,
        "VN20260428_073943_20260428_074501.mp3": 1781395873.7827046,
        "VN20260428_084850_20260428_091417.mp3": 1781452230.9615765
    }
}