{
    "images": {
        "nature_bg1.jpg": 1716420000.123456,
        "dark_forest.png": 1715000000.987654,
        "images (20).jpeg": 1779500132.2248235,
        "images (52).jpeg": 1779548706.5715923,
        "images (1) (9).jpeg": 1779580825.5814884,
        "images (1) (8).jpeg": 1779635359.549521,
        "images (53).jpeg": 1779667429.4770675
    },
    "ringtones": {
        "lofi_chill.mp3": 1716420000.123456,
        "VN20260428_071209_20260428_074427.mp3": 1779500133.6607783,
        "VN20260428_084745_20260428_091416.mp3": 1779548707.4158888,
        "VN20260428_090812_20260428_091438.mp3": 1779580826.5096834,
        "VN20260428_072652_20260428_074456.mp3": 1779635360.4123075,
        "VN20260428_075502_20260428_091352.mp3": 1779667430.396013
    }
}