{
    "images": {
        "images (1) (23)~2.jpeg": 1777455447.7468941
    },
    "ringtones": {
        "VN20260428_090006_20260428_091424.mp3": 1777455448.8095284
    }
}