{
    "images": {
        "images (1) (22)~3.jpeg": 1777455753.356897,
        "images (1) (1).jpeg": 1777478287.3718946
    },
    "ringtones": {
        "VN20260428_085404_20260428_091419.mp3": 1777455754.1802232,
        "VN20260428_072652_20260428_074456.mp3": 1777478288.2405941
    }
}