{
    "images": {
        "images (1) (22)~3.jpeg": 1777455753.356897
    },
    "ringtones": {
        "VN20260428_085404_20260428_091419.mp3": 1777455754.1802232
    }
}