{
    "images": {
        "images (1) (10)~2.jpeg": 1776943511.7782154,
        "images (1) (4).jpeg": 1776959933.4839363,
        "images (1) (18)~3.jpeg": 1776988355.0748396,
        "images (1) (18).jpeg": 1776997032.506544,
        "images (1) (31)~2.jpeg": 1776997147.5698264
    },
    "ringtones": {
        "VN20260423_135540_20260423_140256.mp3": 1776943512.4508986,
        "VN20260423_135409_20260423_140257.mp3": 1776959934.3133495,
        "VN20260423_135239_20260423_140304.mp3": 1776988355.8787007,
        "VN20260423_135339_20260423_140259.mp3": 1776997033.353287,
        "VN20260423_135847_20260423_140253.mp3": 1776997148.348903
    }
}