{
    "images": {
        "nature_bg1.jpg": 1716420000.123456,
        "dark_forest.png": 1715000000.987654,
        "images (20).jpeg": 1779500132.2248235
    },
    "ringtones": {
        "lofi_chill.mp3": 1716420000.123456,
        "VN20260428_071209_20260428_074427.mp3": 1779500133.6607783
    }
}