{
    "images": {
        "nature_bg1.jpg": 1716420000.123456,
        "dark_forest.png": 1715000000.987654
    },
    "ringtones": {
        "lofi_chill.mp3": 1716420000.123456
    }
}
