{
    "images": {
        "images (1) (22)~3.jpeg": 1777455753.356897,
        "images (1) (1).jpeg": 1777478287.3718946,
        "images (55).jpeg": 1777507094.4865506,
        "images (1) (28).jpeg": 1777564141.8801434,
        "images (1) (27).jpeg": 1777593348.8388002,
        "images (17).jpeg": 1777647654.3636649,
        "images (1) (20).jpeg": 1777683504.6195009,
        "images (1) (15)~2.jpeg": 1777733635.0530536,
        "images (1) (19).jpeg": 1777765849.2561376,
        "images (1) (23)~3.jpeg": 1777820025.1765373,
        "images (1) (14)~2.jpeg": 1777852358.7799227,
        "images (34).jpeg": 1777910672.3180382,
        "images (23).jpeg": 1777939046.5010753,
        "images (1) (17)~3.jpeg": 1777996631.116241,
        "images (1) (4)~2.jpeg": 1778025416.085914,
        "images (29).jpeg": 1778083455.3536365,
        "images (1) (21)~2.jpeg": 1778111673.7216187,
        "images (1) (7)~3.jpeg": 1778170152.7717588,
        "images (1) (6)~2.jpeg": 1778198221.7213085,
        "images (1) (29).jpeg": 1778254443.7682266,
        "images (18).jpeg": 1778284726.6411378,
        "images (1) (31)~2.jpeg": 1778338596.0677304,
        "images (38).jpeg": 1778370838.860025,
        "images (44).jpeg": 1778425097.26114,
        "images (1) (11)~2.jpeg": 1778457377.6665633,
        "images (1) (14).jpeg": 1778517308.169571,
        "images (40).jpeg": 1778544102.799977
    },
    "ringtones": {
        "VN20260428_085404_20260428_091419.mp3": 1777455754.1802232,
        "VN20260428_072652_20260428_074456.mp3": 1777478288.2405941,
        "VN20260428_090203_20260428_091434.mp3": 1777507095.4122903,
        "VN20260428_085921_20260428_091423.mp3": 1777564142.9600546,
        "VN20260428_090410_20260428_091433.mp3": 1777593349.5028653,
        "VN20260423_135540_20260423_140256.mp3": 1777647655.488259,
        "VN20260427_133244_20260428_074424.mp3": 1777683505.262661,
        "VN20260428_075001_20260428_091349.mp3": 1777733635.98524,
        "VN20260428_084850_20260428_091417.mp3": 1777765849.9097986,
        "VN20260427_132926_20260428_074421.mp3": 1777820026.0332334,
        "VN20260428_075343_20260428_091351.mp3": 1777852360.6310496,
        "VN20260428_090532_20260428_091436.mp3": 1777910673.0301993,
        "VN20260428_071352_20260428_074429.mp3": 1777939047.5825646,
        "VN20260428_072007_20260428_074450.mp3": 1777996631.988563,
        "VN20260428_071820_20260428_074432.mp3": 1778025417.4059968,
        "VN20260427_134001_20260428_074426.mp3": 1778083456.2677958,
        "VN20260428_090632_20260428_091437.mp3": 1778111674.876519,
        "VN20260428_083436_20260428_091357.mp3": 1778170153.8932576,
        "VN20260428_084745_20260428_091416.mp3": 1778198223.1102872,
        "VN20260428_083335_20260428_091358.mp3": 1778254444.8794327,
        "VN20260428_084646_20260428_091415.mp3": 1778284727.4453897,
        "VN20260423_135239_20260423_140304.mp3": 1778338597.2877936,
        "VN20260423_135409_20260423_140257.mp3": 1778370839.7422197,
        "VN20260423_135713_20260423_140254.mp3": 1778425098.5101814,
        "VN20260428_090240_20260428_091430.mp3": 1778457378.866656,
        "VN20260428_072858_20260428_074458.mp3": 1778517309.0651674,
        "VN20260428_090334_20260428_091431.mp3": 1778544104.4388003
    }
}