{
    "images": {
        "images (1) (10)~2.jpeg": 1776943511.7782154,
        "images (1) (4).jpeg": 1776959933.4839363,
        "images (1) (18)~3.jpeg": 1776988355.0748396
    },
    "ringtones": {
        "VN20260423_135540_20260423_140256.mp3": 1776943512.4508986,
        "VN20260423_135409_20260423_140257.mp3": 1776959934.3133495,
        "VN20260423_135239_20260423_140304.mp3": 1776988355.8787007
    }
}