{
    "images": {
        "nature_bg1.jpg": 1716420000.123456,
        "dark_forest.png": 1715000000.987654,
        "images (20).jpeg": 1779500132.2248235,
        "images (52).jpeg": 1784042784.386136,
        "images (1) (9).jpeg": 1779580825.5814884,
        "images (1) (8).jpeg": 1781655636.801165,
        "images (53).jpeg": 1779667429.4770675,
        "images (47).jpeg": 1779726308.6065495,
        "images (1) (19).jpeg": 1783986970.7475362,
        "images (1) (22)~3.jpeg": 1779816516.2509212,
        "images (1) (1).jpeg": 1779840657.5252156,
        "images (1) (20)~3.jpeg": 1783468819.3517096,
        "images (1) (7)~2.jpeg": 1779926575.6210077,
        "images (1) (16)~2.jpeg": 1784073308.512493,
        "images (1) (22).jpeg": 1783177764.1330261,
        "images (1) (1)~3.jpeg": 1782404935.4271479,
        "images (1) (11)~3.jpeg": 1780099920.760957,
        "images (1) (2)~3.jpeg": 1780153987.2305336,
        "images (1) (17)~3.jpeg": 1780185830.5075653,
        "images (1) (9)~3.jpeg": 1783296580.5486553,
        "images (27).jpeg": 1783526611.4931946,
        "images (1) (18).jpeg": 1780341745.3329144,
        "images (1) (13)~2.jpeg": 1782778077.405176,
        "images (1) (26).jpeg": 1783123689.574834,
        "images (1) (12)~3.jpeg": 1782691937.5383945,
        "images (41).jpeg": 1782519110.122872,
        "images (21).jpeg": 1780537468.2184722,
        "images (1) (30)~2.jpeg": 1780592184.2884388,
        "images (45).jpeg": 1780618409.9888358,
        "images (1) (18)~3.jpeg": 1783209878.2270756,
        "images (1) (12)~2.jpeg": 1782836663.5464811,
        "images (1) (28)~2.jpeg": 1780759175.2348812,
        "images (1) (15)~3.jpeg": 1780790864.0524302,
        "images (1) (17)~2.jpeg": 1782605134.5890164,
        "images (1) (9)~2.jpeg": 1782752091.072523,
        "images (1) (5)~3.jpeg": 1780939513.8927493,
        "images (1) (15).jpeg": 1780963772.6930456,
        "images (1) (19)~3.jpeg": 1781022796.6129866,
        "images (51).jpeg": 1781050704.9705586,
        "images (1) (4)~2.jpeg": 1783037390.130454,
        "images (32).jpeg": 1783356823.7612486,
        "images (29).jpeg": 1781199486.6389954,
        "images (1) (25).jpeg": 1781223669.3677866,
        "images (1) (11)~2.jpeg": 1784160071.2610521,
        "images (1) (10).jpeg": 1783781913.7941482,
        "images (55).jpeg": 1784246492.1780338,
        "images (1) (3)~3.jpeg": 1781395872.9127076,
        "images (1) (25)~2.jpeg": 1781452229.9525757,
        "images (44).jpeg": 1781482521.6772528,
        "images (1) (4)~3.jpeg": 1783614579.4176176,
        "images (1) (13).jpeg": 1781574170.6257322,
        "images (1) (31).jpeg": 1781634587.2484486,
        "images (1) (7).jpeg": 1784129831.359929,
        "images (1) (1)~2.jpeg": 1781741886.119978,
        "images (1) (4).jpeg": 1781803718.2241013,
        "images (1) (13)~3.jpeg": 1781833562.8354158,
        "images (1) (11).jpeg": 1781886791.4727733,
        "images (1) (28).jpeg": 1781914370.5226507,
        "images (1) (10)~2.jpeg": 1781970415.105258,
        "images (1) (16)~3.jpeg": 1782000691.1894755,
        "images (1) (14).jpeg": 1782057439.5683033,
        "images (1) (29)~2.jpeg": 1782087323.0466557,
        "images (1) (10)~3.jpeg": 1782152057.035434,
        "images (1) (24).jpeg": 1782232132.5402455,
        "images (1) (15)~2.jpeg": 1782259296.3984675,
        "images (1) (29).jpeg": 1782318287.608907,
        "images (1) (14)~3.jpeg": 1782346560.0475335,
        "images (36).jpeg": 1782432770.5053537,
        "images (1) (2)~2.jpeg": 1782490819.970968,
        "images (1) (23)~2.jpeg": 1782573556.1566,
        "images (24).jpeg": 1782660052.0270905,
        "images (1) (14)~2.jpeg": 1782795013.5870273,
        "images (1) (5)~2.jpeg": 1782864555.3052244,
        "images (40).jpeg": 1782923358.9348245,
        "images (23).jpeg": 1782951107.4119785,
        "images (42).jpeg": 1783008398.4640262,
        "images (1) (24)~3.jpeg": 1783094052.5077143,
        "images (1) (25)~3.jpeg": 1783264586.7991621,
        "images (1) (20)~2.jpeg": 1783383084.1637168,
        "images (1) (16).jpeg": 1783442069.4336147,
        "images (1) (19)~2.jpeg": 1783556049.7865367,
        "images (1) (30).jpeg": 1783642084.3422966,
        "images (38).jpeg": 1783700843.2805607,
        "images (17).jpeg": 1783728071.8809428,
        "images (31).jpeg": 1783814310.0308068,
        "images (1) (8)~3.jpeg": 1783868452.2733088,
        "images (1) (18)~2.jpeg": 1783900701.6669328,
        "images (1) (31)~2.jpeg": 1783960694.0672681,
        "images (30).jpeg": 1784216450.2872226
    },
    "ringtones": {
        "lofi_chill.mp3": 1716420000.123456,
        "VN20260428_071209_20260428_074427.mp3": 1782951109.0160954,
        "VN20260428_084745_20260428_091416.mp3": 1781886792.834097,
        "VN20260428_090812_20260428_091438.mp3": 1784246493.0313978,
        "VN20260428_072652_20260428_074456.mp3": 1781482522.4791358,
        "VN20260428_075502_20260428_091352.mp3": 1781715389.4564435,
        "VN20260427_134001_20260428_074426.mp3": 1782836664.6665752,
        "VN20260428_083657_20260428_091400.mp3": 1783094053.6028028,
        "VN20260427_132926_20260428_074421.mp3": 1783383085.947294,
        "VN20260428_083335_20260428_091358.mp3": 1784042784.9512353,
        "VN20260428_090632_20260428_091437.mp3": 1782318288.6317391,
        "VN20260423_135239_20260423_140304.mp3": 1783008399.7091532,
        "VN20260428_090410_20260428_091433.mp3": 1783700844.7178032,
        "VN20260427_133102_20260428_074422.mp3": 1783614580.3983705,
        "VN20260427_133244_20260428_074424.mp3": 1782259298.0250134,
        "VN20260428_072324_20260428_074453.mp3": 1782660053.4905722,
        "VN20260423_135409_20260423_140257.mp3": 1783209879.375777,
        "VN20260428_072007_20260428_074450.mp3": 1783728072.8215723,
        "VN20260428_075249_20260428_091350.mp3": 1784129832.2313907,
        "VN20260423_135322_20260423_140300.mp3": 1783526612.3987813,
        "VN20260423_135713_20260423_140254.mp3": 1782519111.186153,
        "VN20260428_075656_20260428_091355.mp3": 1782232133.2984912,
        "VN20260428_071507_20260428_074430.mp3": 1782152058.1669395,
        "VN20260428_073149_20260428_074459.mp3": 1783037391.2977924,
        "VN20260428_072858_20260428_074458.mp3": 1783356824.95461,
        "VN20260428_074133_20260428_074502.mp3": 1782923359.619869,
        "VN20260428_075343_20260428_091351.mp3": 1783868453.6349747,
        "VN20260428_085848_20260428_091422.mp3": 1783468820.2563865,
        "VN20260423_135847_20260423_140253.mp3": 1783960695.1775124,
        "VN20260428_090107_20260428_091425.mp3": 1782605135.6409776,
        "VN20260428_083436_20260428_091357.mp3": 1782573557.0899153,
        "VN20260428_090203_20260428_091434.mp3": 1783814310.706174,
        "VN20260428_075549_20260428_091354.mp3": 1780845951.8688307,
        "VN20260428_083228_20260428_091356.mp3": 1780877557.6223412,
        "VN20260423_135254_20260423_140302.mp3": 1783296581.409362,
        "VN20260428_072545_20260428_074455.mp3": 1782778078.5018249,
        "VN20260428_090006_20260428_091424.mp3": 1783900702.8864608,
        "VN20260428_090902_20260428_091440.mp3": 1782864556.213023,
        "VN20260428_085140_20260428_091418.mp3": 1783177765.4763703,
        "VN20260428_090532_20260428_091436.mp3": 1783264587.9435132,
        "VN20260423_135308_20260423_140301.mp3": 1781199487.6638346,
        "VN20260428_090949_20260428_091441.mp3": 1783442070.3229055,
        "VN20260428_072156_20260428_074451.mp3": 1784073309.7530975,
        "VN20260428_073335_20260428_074500.mp3": 1783123690.2787812,
        "VN20260428_075001_20260428_091349.mp3": 1783642085.2328465,
        "VN20260428_073943_20260428_074501.mp3": 1781395873.7827046,
        "VN20260428_084850_20260428_091417.mp3": 1783986972.2822711,
        "VN20260428_090334_20260428_091431.mp3": 1783556051.0676126,
        "VN20260428_085559_20260428_091420.mp3": 1783781914.7597103,