{
    "images": {
        "images (1) (10)~2.jpeg": 1776943511.7782154
    },
    "ringtones": {
        "VN20260423_135540_20260423_140256.mp3": 1776943512.4508986
    }
}