{
    "images": {
        "images (1) (22)~3.jpeg": 1777455753.356897,
        "images (1) (1).jpeg": 1777478287.3718946,
        "images (55).jpeg": 1777507094.4865506,
        "images (1) (28).jpeg": 1777564141.8801434,
        "images (1) (27).jpeg": 1777593348.8388002,
        "images (17).jpeg": 1777647654.3636649,
        "images (1) (20).jpeg": 1777683504.6195009
    },
    "ringtones": {
        "VN20260428_085404_20260428_091419.mp3": 1777455754.1802232,
        "VN20260428_072652_20260428_074456.mp3": 1777478288.2405941,
        "VN20260428_090203_20260428_091434.mp3": 1777507095.4122903,
        "VN20260428_085921_20260428_091423.mp3": 1777564142.9600546,
        "VN20260428_090410_20260428_091433.mp3": 1777593349.5028653,
        "VN20260423_135540_20260423_140256.mp3": 1777647655.488259,
        "VN20260427_133244_20260428_074424.mp3": 1777683505.262661
    }
}